{"cameraMode":{"drawMode":0,"name":"Shaded","section":"Shading Mode"},"sceneLighting":true,"audioPlay":false,"sceneViewState":{"showFog":true,"showMaterialUpdate":true,"showSkybox":true,"showFlares":true,"showImageEffects":true,"showParticleSystems":true},"in2DMode":false,"pivot":{"x":140.89520263671876,"y":30.702322006225587,"z":115.74522399902344},"rotation":{"x":-0.1590145230293274,"y":0.2539738714694977,"z":-0.04235677793622017,"w":-0.9531217813491821},"size":32.21075439453125,"orthographic":false}